"_id","timestamp._bsontype","timestamp.low_","timestamp.high_","last_config.daytrader-config-app.CONMGR1_MAX_POOL_SIZE","last_config.daytrader-config-app.CONMGR3_MAX_POOL_SIZE","last_config.daytrader-config-app.CONMGR4_MAX_POOL_SIZE","last_config.daytrader-config-app.HTTP_MAX_KEEP_ALIVE_REQUESTS","last_config.daytrader-config-app.HTTP_PERSIST_TIMEOUT","last_config.daytrader-config-app.ORDER_PROCESSING_MODE","last_config.daytrader-config-app.RUNTIME_MODE","last_config.daytrader-config-jvm.-Xtune:virtualized","last_config.daytrader-config-jvm.container_support","last_config.daytrader-config-jvm.gc","last_config.daytrader-service.cpu","last_config.daytrader-service.memory","production_metric.name","production_metric.cpu","production_metric.memory","production_metric.throughput","production_metric.process_time","production_metric.in_out","production_metric.errors","production_metric.objective","config_to_eval.daytrader-config-app.CONMGR1_MAX_POOL_SIZE","config_to_eval.daytrader-config-app.CONMGR3_MAX_POOL_SIZE","config_to_eval.daytrader-config-app.CONMGR4_MAX_POOL_SIZE","config_to_eval.daytrader-config-app.HTTP_MAX_KEEP_ALIVE_REQUESTS","config_to_eval.daytrader-config-app.HTTP_PERSIST_TIMEOUT","config_to_eval.daytrader-config-app.ORDER_PROCESSING_MODE","config_to_eval.daytrader-config-app.RUNTIME_MODE","config_to_eval.daytrader-config-jvm.-Xtune:virtualized","config_to_eval.daytrader-config-jvm.container_support","config_to_eval.daytrader-config-jvm.gc","config_to_eval.daytrader-service.cpu","config_to_eval.daytrader-service.memory","training_metric.name","training_metric.cpu","training_metric.memory","training_metric.throughput","training_metric.process_time","training_metric.in_out","training_metric.errors","training_metric.objective","production_workload.path","production_workload.value","training_workload.path","training_workload.value","best_loss","best_config.daytrader-config-app.CONMGR1_MAX_POOL_SIZE","best_config.daytrader-config-app.CONMGR3_MAX_POOL_SIZE","best_config.daytrader-config-app.CONMGR4_MAX_POOL_SIZE","best_config.daytrader-config-app.HTTP_MAX_KEEP_ALIVE_REQUESTS","best_config.daytrader-config-app.HTTP_PERSIST_TIMEOUT","best_config.daytrader-config-app.ORDER_PROCESSING_MODE","best_config.daytrader-config-app.RUNTIME_MODE","best_config.daytrader-config-jvm.-Xtune:virtualized","best_config.daytrader-config-jvm.container_support","best_config.daytrader-config-jvm.gc","best_config.daytrader-service.cpu","best_config.daytrader-service.memory","update_production.daytrader-config-app.CONMGR1_MAX_POOL_SIZE","update_production.daytrader-config-app.CONMGR3_MAX_POOL_SIZE","update_production.daytrader-config-app.CONMGR4_MAX_POOL_SIZE","update_production.daytrader-config-app.HTTP_MAX_KEEP_ALIVE_REQUESTS","update_production.daytrader-config-app.HTTP_PERSIST_TIMEOUT","update_production.daytrader-config-app.ORDER_PROCESSING_MODE","update_production.daytrader-config-app.RUNTIME_MODE","update_production.daytrader-config-jvm.-Xtune:virtualized","update_production.daytrader-config-jvm.container_support","update_production.daytrader-config-jvm.gc","update_production.daytrader-service.cpu","update_production.daytrader-service.memory","tuned","update_production","training_workload"
"ObjectId(""5f6e36f15bef9aa3ce78347b"")","Long",-1727772878,372775491,"200","100","75","125","35","0","0",false,"-XX:+UseContainerSupport","-Xgcpolicy:optthruput",8,8192,"daytrader-service",2.077536667674781,565518336,2283.3866666666663,0.047042619017783546,null,0,-623.4879582881388,"200","100","75","125","35","0","0",false,"-XX:+UseContainerSupport","-Xgcpolicy:optthruput",8,8192,"daytrader-servicesmarttuning",4.410632568375598,436834304,4104.133333333333,0.02211444456877538,null,0,-1413.2781804434467,"[""/daytrader/config?action=buildDB"",""/daytrader/rest/quotes"",""/health""]","[0,0.9999124108050031,0.0000875891949969052]","[""/daytrader/rest/quotes"",""/health""]","[0.9999512686397454,0.00004873136025470258]",-1413.2781804434467,200,100,75,125,35,"0","0",false,"-XX:+UseContainerSupport","-Xgcpolicy:optthruput",8,8192,"200","100","75","125","35","0","0",false,"-XX:+UseContainerSupport","-Xgcpolicy:optthruput",8,8192,true,,
"ObjectId(""5f6e38235bef9aa3ce78347c"")","Long",-165964806,372775562,"200","100","75","125","35","0","0",false,"-XX:+UseContainerSupport","-Xgcpolicy:optthruput",8,8192,"daytrader-service",4.5247503036116035,414613504,4214.722222222223,0.01836539513930027,null,0,-1524.1374447285152,"75","75","50","25","30","0","1",true,"-XX:+UseContainerSupport","-Xgcpolicy:optavgpause",8,1024,"daytrader-servicesmarttuning",3.0988219031325186,374218752,311.81333333333333,0.38788891867160497,null,0,-126.26335767185365,"[""/daytrader/rest/quotes"",""/health""]","[0.9999525472879457,0.00004745271205430699]","[""/daytrader/rest/quotes"",""/health""]","[0.9993585906097666,0.000641409390233473]",-1413.2781804434467,200,100,75,125,35,"0","0",false,"-XX:+UseContainerSupport","-Xgcpolicy:optthruput",8,8192,,,,,,,,,,,,,false,"{}",
"ObjectId(""5f6e39555bef9aa3ce78347d"")","Long",1167878467,372775634,"200","100","75","125","35","0","0",false,"-XX:+UseContainerSupport","-Xgcpolicy:optthruput",8,8192,"daytrader-service",0.11227002845231931,430563328,64.34666666666666,1.4413360422531827,null,0,-23.40725139045979,"100","75","125","100","20","1","1",true,"-XX:-UseContainerSupport","-Xgcpolicy:optthruput",16,8192,"daytrader-servicesmarttuning",0.2558275975630689,394629120,53.74444444444445,1.8397099216754345,null,0,-21.296159881721913,"[""/daytrader/rest/quotes"",""/health""]","[0.9968918358889349,0.0031081641110650643]","[""/daytrader/rest/quotes"",""/health""]","[0.9962786851354145,0.003721314864585487]",-1413.2781804434467,200,100,75,125,35,"0","0",false,"-XX:+UseContainerSupport","-Xgcpolicy:optthruput",8,8192,,,,,,,,,,,,,false,"{}",
"ObjectId(""5f6e3a885bef9aa3ce78347e"")","Long",-1722180054,372775705,"200","100","75","125","35","0","0",false,"-XX:+UseContainerSupport","-Xgcpolicy:optthruput",8,8192,"daytrader-service",0.09261255856768297,439992320,56.72222222222223,1.5130324386125464,null,0,-20.195797779770146,"75","125","50","100","45","1","2",false,"-XX:-UseContainerSupport","-Xgcpolicy:optavgpause",16,512,"daytrader-servicesmarttuning",0.1371673463106214,344702976,59.800000000000004,1.8718867041114662,null,0,-27.15613885148808,"[""/daytrader/rest/quotes"",""/health""]","[0.9964740450538687,0.0035259549461312436]","[""/daytrader/rest/quotes"",""/health""]","[0.9968413229282794,0.0031586770717205496]",-1413.2781804434467,"200","100","75","125","35","0","0",false,"-XX:+UseContainerSupport","-Xgcpolicy:optthruput",8,8192,,,,,,,,,,,,,true,"{}",
"ObjectId(""5f6e3bba5bef9aa3ce78347f"")","Long",-487079994,372775776,"200","100","75","125","35","0","0",false,"-XX:+UseContainerSupport","-Xgcpolicy:optthruput",8,8192,"daytrader-service",0.15017393203104584,445120512,98.71111111111112,1.121689679577658,null,0,-34.72245547363622,"75","50","150","200","30","2","0",false,"-XX:-UseContainerSupport","-Xgcpolicy:optavgpause",8,8192,"daytrader-servicesmarttuning",0.23809638908464023,456593408,135.22222222222223,0.6779329557986052,null,0,-46.3346311489168,"[""/daytrader/rest/quotes"",""/health""]","[0.9979738856371003,0.002026114362899595]","[""/daytrader/rest/quotes"",""/health""]","[0.998520953163517,0.0014790468364831552]",-1413.2781804434467,"200","100","75","125","35","0","0",false,"-XX:+UseContainerSupport","-Xgcpolicy:optthruput",8,8192,,,,,,,,,,,,,true,"{}",
"ObjectId(""5f6e3cec5bef9aa3ce783480"")","Long",567163460,372775848,"200","100","75","125","35","0","0",false,"-XX:+UseContainerSupport","-Xgcpolicy:optthruput",8,8192,"daytrader-service",0.09098300870228142,445300736,54.07777777777778,2.678555416987286,null,0,-19.025212801397302,"150","125","175","25","40","0","1",true,"-XX:+UseContainerSupport","-Xgcpolicy:metronome",2,512,"daytrader-servicesmarttuning",0.8601710630253877,321249280,0.1,28.711511341494454,null,0.95,-0.048266272072010216,"[""/daytrader/rest/quotes"",""/health""]","[0.9963016231764947,0.0036983768235052394]","[""/daytrader/rest/quotes"",""/health""]","[0.9777777777777777,0.022222222222222223]",-1413.2781804434467,200,100,75,125,35,"0","0",false,"-XX:+UseContainerSupport","-Xgcpolicy:optthruput",8,8192,,,,,,,,,,,,,false,"{}",
"ObjectId(""5f6e3e1e5bef9aa3ce783481"")","Long",-2143198482,372775919,"200","100","75","125","35","0","0",false,"-XX:+UseContainerSupport","-Xgcpolicy:optthruput",8,8192,"daytrader-service",0.7272157796200844,451276800,622.6222222222223,0.17282999616929667,null,0,-214.87813339572222,"100","50","75","75","35","1","0",false,"-XX:+UseContainerSupport","-Xgcpolicy:metronome",2,8192,"daytrader-servicesmarttuning",1.2285402389306914,2291306496,936.3222222222224,0.0982588479808596,null,0,-63.929702514967026,"[""/daytrader/rest/quotes"",""/health""]","[0.9996787779284745,0.0003212220715254479]","[""/daytrader/rest/quotes"",""/health""]","[0.9997863983196668,0.00021360168033321858]",-1413.2781804434467,200,100,75,125,35,"0","0",false,"-XX:+UseContainerSupport","-Xgcpolicy:optthruput",8,8192,,,,,,,,,,,,,false,"{}",
"ObjectId(""5f6e3f4d5bef9aa3ce783482"")","Long",-559724766,372775989,"200","100","75","125","35","0","0",false,"-XX:+UseContainerSupport","-Xgcpolicy:optthruput",8,8192,"daytrader-service",4.613927005489429,468877312,4271.72,0.01614051481524747,null,0,-1371.8759970695498,"50","125","150","150","40","0","1",true,"-XX:-UseContainerSupport","-Xgcpolicy:metronome",4,2048,"daytrader-servicesmarttuning",1.6149530380286847,843448320,202.01333333333332,0.6403650702435589,null,0,-37.25493872904768,"[""/daytrader/rest/quotes"",""/health""]","[0.9999531804519023,0.000046819548097721763]","[""/daytrader/rest/quotes"",""/health""]","[0.9990099663388555,0.000990033661144479]",-1413.2781804434467,200,100,75,125,35,"0","0",false,"-XX:+UseContainerSupport","-Xgcpolicy:optthruput",8,8192,,,,,,,,,,,,,false,"{}",
"ObjectId(""5f6e407b5bef9aa3ce783483"")","Long",1046364111,372776060,"200","100","75","125","35","0","0",false,"-XX:+UseContainerSupport","-Xgcpolicy:optthruput",8,8192,"daytrader-service",4.082427358957446,473526272,4322.177777777778,0.01721397767380305,null,0,-1381.2351995643999,"75","50","200","150","20","0","0",true,"-XX:-UseContainerSupport","-Xgcpolicy:gencon",16,2048,"daytrader-servicesmarttuning",1.1935378000876666,523530240,858.48,0.14535033244755807,null,0,-254.67802874811417,"[""/daytrader/rest/quotes"",""/health""]","[0.9999537270306121,0.00004627296938786003]","[""/daytrader/rest/quotes"",""/health""]","[0.999767030099711,0.0002329699002888827]",-1413.2781804434467,200,100,75,125,35,"0","0",false,"-XX:+UseContainerSupport","-Xgcpolicy:optthruput",8,8192,,,,,,,,,,,,,false,"{}",
"ObjectId(""5f6e41a95bef9aa3ce783484"")","Long",-1698932104,372776130,"200","100","75","125","35","0","0",false,"-XX:+UseContainerSupport","-Xgcpolicy:optthruput",8,8192,"daytrader-service",0.08684045903899773,473227264,55.966666666666676,1.7144339311888641,null,0,-18.529412994639486,"125","125","150","150","20","2","1",true,"-XX:-UseContainerSupport","-Xgcpolicy:optthruput",8,2048,"daytrader-servicesmarttuning",0.23959060946998106,428228608,57.73333333333334,1.7853078585796731,null,0,-21.089637624091285,"[""/daytrader/rest/quotes"",""/health""]","[0.9964264443120905,0.0035735556879094694]","[""/health"",""/daytrader/rest/quotes""]","[0.0034642032332563508,0.9965357967667436]",-1413.2781804434467,"200","100","75","125","35","0","0",false,"-XX:+UseContainerSupport","-Xgcpolicy:optthruput",8,8192,,,,,,,,,,,,,true,"{}",
"ObjectId(""5f6e42d75bef9aa3ce783485"")","Long",-159641613,372776200,"200","100","75","125","35","0","0",false,"-XX:+UseContainerSupport","-Xgcpolicy:optthruput",8,8192,"daytrader-service",3.1358876739293455,481640448,2280.722222222222,0.0441585581225448,null,0,-722.7443240426334,"200","175","100","200","25","0","0",false,"-XX:+UseContainerSupport","-Xgc:concurrentScavenge",8,4096,"daytrader-servicesmarttuning",3.6474292430474815,481951744,3977.213333333333,0.024549238788233743,null,0,-1254.1228009409301,"[""/daytrader/rest/quotes"",""/health""]","[0.9999123084792829,0.00008769152071712178]","[""/daytrader/rest/quotes"",""/health""]","[0.9999497135347698,0.00005028646523026173]",-1413.2781804434467,"200","100","75","125","35","0","0",false,"-XX:+UseContainerSupport","-Xgcpolicy:optthruput",8,8192,,,,,,,,,,,,,true,"{}",
"ObjectId(""5f6e44065bef9aa3ce783486"")","Long",1354327662,372776271,"200","100","75","125","35","0","0",false,"-XX:+UseContainerSupport","-Xgcpolicy:optthruput",8,8192,"daytrader-service",0.11044108739400779,485982208,63.31111111111112,2.201508698469108,null,0,-20.40712969952755,"200","200","100","50","45","0","2",false,"-XX:+UseContainerSupport","-Xgcpolicy:optthruput",4,8192,"daytrader-servicesmarttuning",2.47343950076509,426590208,2330.822222222222,0.025768142111854027,null,0.000004767012275056609,-836.3711585264964,"[""/daytrader/rest/quotes"",""/health""]","[0.9968409968409968,0.003159003159003159]","[""/daytrader/rest/quotes"",""/health""]","[0.9999141937790491,0.00008580622095101897]",-1413.2781804434467,"200","100","75","125","35","0","0",false,"-XX:+UseContainerSupport","-Xgcpolicy:optthruput",8,8192,,,,,,,,,,,,,true,"{}",
"ObjectId(""5f6e45345bef9aa3ce783487"")","Long",-1326710050,372776341,"175","175","75","175","35","2","0",false,"-XX:+UseContainerSupport","-Xgc:concurrentScavenge",8,4096,"daytrader-service",0.18030767244494106,485752832,120.01111111111112,1.0943013312456322,null,0,-38.67823158242823,"175","175","75","175","35","2","0",false,"-XX:+UseContainerSupport","-Xgc:concurrentScavenge",8,4096,"daytrader-servicesmarttuning",4.715461315162383,479723520,5347.877777777778,0.012378596815793343,null,0,-1678.7294497142898,"[""/daytrader/rest/quotes"",""/health""]","[0.9983334876400333,0.0016665123599666697]","[""/health"",""/daytrader/rest/quotes""]","[0.00003739801250340218,0.9999626019874966]",-1678.7294497142898,175,175,75,175,35,"2","0",false,"-XX:+UseContainerSupport","-Xgc:concurrentScavenge",8,4096,"175","175","75","175","35","2","0",false,"-XX:+UseContainerSupport","-Xgc:concurrentScavenge",8,4096,true,,
"ObjectId(""5f6e46625bef9aa3ce783488"")","Long",233081934,372776412,"175","175","75","175","35","2","0",false,"-XX:+UseContainerSupport","-Xgc:concurrentScavenge",8,4096,"daytrader-service",4.5511127038473544,481529856,4263.44,0.020219944942181045,null,0,-1335.3320933879031,"150","175","200","175","15","2","0",false,"-XX:+UseContainerSupport","-Xgc:concurrentScavenge",2,4096,"daytrader-servicesmarttuning",1.1610950970940639,493629440,1095.1444444444446,0.10211028582044797,null,0,-344.4632225439888,"[""/daytrader/rest/quotes"",""/health""]","[0.9999530895239526,0.00004691047604751094]","[""/daytrader/rest/quotes"",""/health""]","[0.9998173756886458,0.00018262431135415924]",-1678.7294497142898,175,175,75,175,35,"2","0",false,"-XX:+UseContainerSupport","-Xgc:concurrentScavenge",8,4096,,,,,,,,,,,,,false,"{}",
"ObjectId(""5f6e47905bef9aa3ce783489"")","Long",1811584142,372776482,"175","175","75","175","35","2","0",false,"-XX:+UseContainerSupport","-Xgc:concurrentScavenge",8,4096,"daytrader-service",3.6079374888442857,502128640,3427.7555555555555,0.027491071137802393,null,0,-1039.0486163315445,"175","175","75","175","35","2","2",false,"-XX:+UseContainerSupport","-Xgc:concurrentScavenge",4,4096,"daytrader-servicesmarttuning",2.2641488844039994,486420480,2294.5444444444447,0.04457001429982129,null,0,-725.4769002356458,"[""/daytrader/rest/quotes"",""/health""]","[0.9999416527821899,0.00005834721781016409]","[""/daytrader/rest/quotes"",""/health""]","[0.9999128367286657,0.00008716327133442126]",-1678.7294497142898,175,175,75,175,35,"2","0",false,"-XX:+UseContainerSupport","-Xgc:concurrentScavenge",8,4096,,,,,,,,,,,,,false,"{}",
"ObjectId(""5f6e48be5bef9aa3ce78348a"")","Long",-928057986,372776552,"175","150","125","75","25","2","0",false,"-XX:+UseContainerSupport","-Xgcpolicy:gencon",8,1024,"daytrader-service",1.338183332847867,533762048,1260.3222222222223,0.12294219328591206,null,0,-366.37603942977864,"175","150","125","75","25","2","0",false,"-XX:+UseContainerSupport","-Xgcpolicy:gencon",8,1024,"daytrader-servicesmarttuning",4.606362772928074,420179968,5169.722222222223,0.007787056195597231,null,0,-1844.3527973789885,"[""/daytrader/rest/quotes"",""/health""]","[0.9998413104232603,0.00015868957673963448]","[""/daytrader/rest/quotes"",""/health""]","[0.9999613132018699,0.00003868679813013809]",-1844.3527973789885,175,150,125,75,25,"2","0",false,"-XX:+UseContainerSupport","-Xgcpolicy:gencon",8,1024,"175","150","125","75","25","2","0",false,"-XX:+UseContainerSupport","-Xgcpolicy:gencon",8,1024,true,,
"ObjectId(""5f6e49ed5bef9aa3ce78348b"")","Long",686197046,372776623,"175","150","125","75","25","2","0",false,"-XX:+UseContainerSupport","-Xgcpolicy:gencon",8,1024,"daytrader-service",4.294699805985056,443002880,3634.077777777778,0.024273443472081525,null,0,-1235.9878184417094,"150","150","175","0","15","2","2",false,"-XX:+UseContainerSupport","-Xgcpolicy:gencon",8,1024,"daytrader-servicesmarttuning",2.5663424640860213,463896576,3066.733333333333,0.03452929179476817,null,0,-1013.04549904416,"[""/daytrader/rest/quotes"",""/health""]","[0.999944965404642,0.00005503459535813763]","[""/health"",""/daytrader/rest/quotes""]","[0.00006521597356579206,0.9999347840264343]",-1844.3527973789885,175,150,125,75,25,"2","0",false,"-XX:+UseContainerSupport","-Xgcpolicy:gencon",8,1024,,,,,,,,,,,,,false,"{}",
"ObjectId(""5f6e4b1b5bef9aa3ce78348c"")","Long",-1993780891,372776693,"175","150","125","75","25","2","0",false,"-XX:+UseContainerSupport","-Xgcpolicy:gencon",8,1024,"daytrader-service",0.09693390283762192,455561216,59.7,1.913308318588113,null,0,-20.5294014877376,"175","200","125","75","25","2","0",false,"-XX:+UseContainerSupport","-Xgcpolicy:gencon",8,1024,"daytrader-servicesmarttuning",0.11687009021637121,464121856,82.82666666666667,1.0357433097584623,null,0,-27.95218986408986,"[""/daytrader/rest/quotes"",""/health""]","[0.9966499162479061,0.0033500837520938024]","[""/health"",""/daytrader/rest/quotes""]","[0.0024146812620734065,0.9975853187379266]",-1844.3527973789885,"175","150","125","75","25","2","0",false,"-XX:+UseContainerSupport","-Xgcpolicy:gencon",8,1024,,,,,,,,,,,,,true,"{}",
"ObjectId(""5f6e4c495bef9aa3ce78348d"")","Long",-417319059,372776763,"175","150","125","75","25","2","0",false,"-XX:+UseContainerSupport","-Xgcpolicy:gencon",8,1024,"daytrader-service",0.11496686999303535,452112384,58.97777777777778,2.5906169519432503,null,0,-20.43220158008039,"175","150","100","75","25","2","0",false,"-XX:+UseContainerSupport","-Xgcpolicy:gencon",8,4096,"daytrader-servicesmarttuning",4.483132754328225,543977472,4293.666666666666,0.01028616903861651,null,0,-1196.2582465722637,"[""/daytrader/rest/quotes"",""/health""]","[0.9964204973624717,0.003579502637528259]","[""/daytrader/rest/quotes"",""/health""]","[0.9999534197655462,0.00004658023445384676]",-1844.3527973789885,"175","150","125","75","25","2","0",false,"-XX:+UseContainerSupport","-Xgcpolicy:gencon",8,1024,,,,,,,,,,,,,true,"{}",
"ObjectId(""5f6e4d775bef9aa3ce78348e"")","Long",1197891628,372776834,"175","150","125","75","25","2","0",false,"-XX:+UseContainerSupport","-Xgcpolicy:gencon",8,1024,"daytrader-service",0.11716125758705735,458444800,56.433333333333344,2.9061006327679255,null,0,-19.28055348016148,"175","150","125","125","30","2","0",false,"-XX:+UseContainerSupport","-Xgc:concurrentScavenge",8,1024,"daytrader-servicesmarttuning",4.057101898720527,404946944,4594.177777777778,0.007349373978424319,null,0,-1707.1389118955224,"[""/health"",""/daytrader/rest/quotes""]","[0.0035440047253396333,0.9964559952746603]","[""/daytrader/rest/quotes"",""/health""]","[0.9999564666389343,0.00004353336106569668]",-1844.3527973789885,"175","150","125","75","25","2","0",false,"-XX:+UseContainerSupport","-Xgcpolicy:gencon",8,1024,,,,,,,,,,,,,true,"{}",
"ObjectId(""5f6e4ea65bef9aa3ce78348f"")","Long",-1498789694,372776904,"175","150","125","75","25","2","0",false,"-XX:+UseContainerSupport","-Xgcpolicy:gencon",8,1024,"daytrader-service",0.08671890068402699,464723968,54.55555555555556,2.162204099376281,null,0,-18.39247832989487,"125","150","125","125","30","2","0",false,"-XX:+UseContainerSupport","-Xgc:concurrentScavenge",8,1024,"daytrader-servicesmarttuning",0.11996678933991192,416845824,71.05333333333333,1.1561072530870777,null,0,-26.694463482384467,"[""/daytrader/rest/quotes"",""/health""]","[0.9963340122199592,0.0036659877800407333]","[""/daytrader/rest/quotes"",""/health""]","[0.9971852129855507,0.0028147870144492404]",-1844.3527973789885,"175","150","125","75","25","2","0",false,"-XX:+UseContainerSupport","-Xgcpolicy:gencon",8,1024,,,,,,,,,,,,,true,"{}",
"ObjectId(""5f6e4fd45bef9aa3ce783490"")","Long",123405286,372776975,"150","150","150","125","25","2","0",false,"-XX:+UseContainerSupport","-Xgcpolicy:gencon",8,1024,"daytrader-service",0.10629880011964798,458571776,54.32,3.2398192621320887,null,0,-18.55523749930664,"150","150","150","125","25","2","0",false,"-XX:+UseContainerSupport","-Xgcpolicy:gencon",8,1024,"daytrader-servicesmarttuning",4.233760368769339,389324800,4804.106666666666,0.004772719571365613,null,0,-1850.4031124991557,"[""/daytrader/rest/quotes"",""/health""]","[0.9963181148748158,0.0036818851251840946]","[""/health"",""/daytrader/rest/quotes""]","[0.00004163104899141846,0.9999583689510086]",-1850.4031124991557,150,150,150,125,25,"2","0",false,"-XX:+UseContainerSupport","-Xgcpolicy:gencon",8,1024,"150","150","150","125","25","2","0",false,"-XX:+UseContainerSupport","-Xgcpolicy:gencon",8,1024,true,,
"ObjectId(""5f6e51025bef9aa3ce783491"")","Long",1671282659,372777045,"150","150","150","125","25","2","0",false,"-XX:+UseContainerSupport","-Xgcpolicy:gencon",8,1024,"daytrader-service",0.16614536513915884,477356032,111.29333333333332,0.945804637330246,null,0,-36.50306357024106,"150","100","175","50","25","2","0",false,"-XX:+UseContainerSupport","-Xgcpolicy:gencon",16,1024,"daytrader-servicesmarttuning",0.12364245166470632,386252800,61.333333333333336,1.5388322074376253,null,0,-24.86442043793308,"[""/daytrader/rest/quotes"",""/health""]","[0.9982029471666467,0.0017970528333533008]","[""/daytrader/rest/quotes"",""/health""]","[0.9967391304347826,0.0032608695652173916]",-1850.4031124991557,150,150,150,125,25,"2","0",false,"-XX:+UseContainerSupport","-Xgcpolicy:gencon",8,1024,,,,,,,,,,,,,false,"{}",
"ObjectId(""5f6e52305bef9aa3ce783492"")","Long",-1044768157,372777115,"150","150","150","125","25","2","0",false,"-XX:+UseContainerSupport","-Xgcpolicy:gencon",8,1024,"daytrader-service",2.158875587055362,494555136,1691.8444444444444,0.05361582568113118,null,0,-526.7470380877977,"125","100","150","100","20","1","0",false,"-XX:+UseContainerSupport","-Xgcpolicy:gencon",2,1024,"daytrader-servicesmarttuning",1.2317159196354792,404078592,1074.877777777778,0.10052379916069125,null,0,-411.82437760415326,"[""/daytrader/rest/quotes"",""/health""]","[0.9998817858221796,0.00011821417782039326]","[""/daytrader/rest/quotes"",""/health""]","[0.9998139323333919,0.0001860676666080898]",-1850.4031124991557,150,150,150,125,25,"2","0",false,"-XX:+UseContainerSupport","-Xgcpolicy:gencon",8,1024,,,,,,,,,,,,,false,"{}",
"ObjectId(""5f6e535f5bef9aa3ce783493"")","Long",556389508,372777186,"150","150","150","125","25","2","0",false,"-XX:+UseContainerSupport","-Xgcpolicy:gencon",8,1024,"daytrader-service",0.271988306198233,495624192,189.1555555555555,0.7306027934515281,null,0,-59.70411090185848,"150","150","175","50","25","2","0",false,"-XX:+UseContainerSupport","-Xgcpolicy:gencon",4,1024,"daytrader-servicesmarttuning",2.0817847068069493,405970944,2339.6666666666665,0.025912854506617383,null,0,-884.6131004817087,"[""/daytrader/rest/quotes"",""/health""]","[0.9989426691729324,0.0010573308270676693]","[""/daytrader/rest/quotes"",""/health""]","[0.9999145177375696,0.00008548226243054567]",-1850.4031124991557,"150","150","150","125","25","2","0",false,"-XX:+UseContainerSupport","-Xgcpolicy:gencon",8,1024,,,,,,,,,,,,,true,"{}",
"ObjectId(""5f6e548d5bef9aa3ce783494"")","Long",2127459351,372777256,"150","150","150","125","25","2","0",false,"-XX:+UseContainerSupport","-Xgcpolicy:gencon",8,1024,"daytrader-service",4.188331499679098,496685056,3593.222222222222,0.03070549735841607,null,0,-1095.5798699282095,"200","200","150","75","15","2","2",false,"-XX:+UseContainerSupport","-Xgcpolicy:gencon",8,1024,"daytrader-servicesmarttuning",4.16692767655954,413265920,4725.773333333333,0.018129069542204855,null,0,-1720.245749246876,"[""/daytrader/rest/quotes"",""/health""]","[0.9999443396518136,0.000055660348186400324]","[""/daytrader/rest/quotes"",""/health""]","[0.9999576788843025,0.000042321115697466104]",-1850.4031124991557,"150","150","150","125","25","2","0",false,"-XX:+UseContainerSupport","-Xgcpolicy:gencon",8,1024,,,,,,,,,,,,,true,"{}",
"ObjectId(""5f6e55bb5bef9aa3ce783495"")","Long",-574106616,372777326,"150","150","150","125","25","2","0",false,"-XX:+UseContainerSupport","-Xgcpolicy:gencon",8,1024,"daytrader-service",0.27145157995427766,502394880,197.29999999999998,0.5286637129104408,null,0,-61.43769224063285,"100","175","100","125","20","2","0",false,"-XX:+UseContainerSupport","-Xgcpolicy:gencon",8,512,"daytrader-servicesmarttuning",0.19548385088758624,331538432,333.85555555555555,0.2858380669453271,null,0,-157.50274625383662,"[""/daytrader/rest/quotes"",""/health""]","[0.9989863152559555,0.0010136847440446023]","[""/daytrader/rest/quotes"",""/health""]","[0.999400938529637,0.0005990614703630979]",-1850.4031124991557,"150","150","150","125","25","2","0",false,"-XX:+UseContainerSupport","-Xgcpolicy:gencon",8,1024,,,,,,,,,,,,,true,"{}",
"ObjectId(""5f6e56e95bef9aa3ce783496"")","Long",1053565427,372777397,"175","150","200","100","25","1","0",false,"-XX:+UseContainerSupport","-Xgcpolicy:gencon",8,1024,"daytrader-service",0.18655610395427852,502763520,129.35555555555555,1.1497068261340244,null,0,-40.279313435629675,"175","150","200","100","25","1","0",false,"-XX:+UseContainerSupport","-Xgcpolicy:gencon",8,1024,"daytrader-servicesmarttuning",4.509590121433485,421826560,5454.866666666668,0.009042432240851004,null,0,-1940.6028080926312,"[""/daytrader/rest/quotes"",""/health""]","[0.9984538739048274,0.0015461260951726509]","[""/daytrader/rest/quotes"",""/health""]","[0.9999633354924655,0.00003666450753455629]",-1940.6028080926312,175,150,200,100,25,"1","0",false,"-XX:+UseContainerSupport","-Xgcpolicy:gencon",8,1024,"175","150","200","100","25","1","0",false,"-XX:+UseContainerSupport","-Xgcpolicy:gencon",8,1024,true,,
"ObjectId(""5f6e58185bef9aa3ce783497"")","Long",-1603004813,372777467,"175","150","200","100","25","1","0",false,"-XX:+UseContainerSupport","-Xgcpolicy:gencon",8,1024,"daytrader-service",4.499416398294114,428576768,4141.573333333333,0.023030489556179243,null,0,-1451.3034736270515,"200","100","200","125","30","1","0",false,"-XX:+UseContainerSupport","-Xgcpolicy:gencon",8,1024,"daytrader-servicesmarttuning",3.1067604656975503,436006912,3675.722222222222,0.027483866602493058,null,0,-1283.5006253979093,"[""/daytrader/rest/quotes"",""/health""]","[0.9999517091733254,0.00004829082667456491]","[""/daytrader/rest/quotes"",""/health""]","[0.9999455889243233,0.000054411075676737756]",-1940.6028080926312,175,150,200,100,25,"1","0",false,"-XX:+UseContainerSupport","-Xgcpolicy:gencon",8,1024,,,,,,,,,,,,,false,"{}",
"ObjectId(""5f6e59465bef9aa3ce783498"")","Long",-16084009,372777537,"175","150","200","100","25","1","0",false,"-XX:+UseContainerSupport","-Xgcpolicy:gencon",8,1024,"daytrader-service",0.1991359144985781,437575680,164.43333333333334,0.7122184424057335,null,0,-58.80911167295264,"150","125","200","150","20","1","0",true,"-XX:-UseContainerSupport","-Xgcpolicy:gencon",4,1024,"daytrader-servicesmarttuning",2.4145381559074623,487403520,2357.411111111111,0.03488103231211269,null,0,-742.9360793088956,"[""/daytrader/rest/quotes"",""/health""]","[0.9987837016014596,0.0012162983985404417]","[""/daytrader/rest/quotes"",""/health""]","[0.9999151611702103,0.00008483882978974111]",-1940.6028080926312,"175","150","200","100","25","1","0",false,"-XX:+UseContainerSupport","-Xgcpolicy:gencon",8,1024,,,,,,,,,,,,,true,"{}",
"ObjectId(""5f6e5a745bef9aa3ce783499"")","Long",1527484577,372777608,"175","150","200","100","25","1","0",false,"-XX:+UseContainerSupport","-Xgcpolicy:gencon",8,1024,"daytrader-service",0.11158510747490884,435085312,76.03333333333335,1.2331785520662755,null,0,-27.37151313629293,"125","75","175","100","25","1","1",false,"-XX:+UseContainerSupport","-Xgcpolicy:optavgpause",8,512,"daytrader-servicesmarttuning",1.5314081251009088,359657472,45.6,2.188729868798002,null,0,-19.53098611770273,"[""/daytrader/rest/quotes"",""/health""]","[0.9973695747479175,0.0026304252520824196]","[""/daytrader/rest/quotes"",""/health""]","[0.9956140350877193,0.0043859649122807015]",-1940.6028080926312,175,150,200,100,25,"1","0",false,"-XX:+UseContainerSupport","-Xgcpolicy:gencon",8,1024,,,,,,,,,,,,,false,"{}",
"ObjectId(""5f6e5ba35bef9aa3ce78349a"")","Long",-780096682,372777678,"175","150","200","100","25","1","0",false,"-XX:+UseContainerSupport","-Xgcpolicy:gencon",8,1024,"daytrader-service",2.069168343851809,452276224,1914.7,0.047061487308704616,null,0,-651.2959493543397,"200","175","200","100","15","1","2",true,"-XX:+UseContainerSupport","-Xgcpolicy:optthruput",16,2048,"daytrader-servicesmarttuning",0.9973053382171362,460886016,667.9888888888889,0.16119494107924062,null,0,-225.21014410208835,"[""/health"",""/daytrader/rest/quotes""]","[0.00010445500600616285,0.9998955449939938]","[""/daytrader/rest/quotes"",""/health""]","[0.9997005938222525,0.0002994061777474675]",-1940.6028080926312,175,150,200,100,25,"1","0",false,"-XX:+UseContainerSupport","-Xgcpolicy:gencon",8,1024,,,,,,,,,,,,,false,"{}",
"ObjectId(""5f6e5cd15bef9aa3ce78349b"")","Long",714170175,372777749,"175","150","200","100","25","1","0",false,"-XX:+UseContainerSupport","-Xgcpolicy:gencon",8,1024,"daytrader-service",0.09054918098542472,448905216,57.15555555555555,1.7282469226965385,null,0,-19.946772887208425,"100","200","175","125","30","1","1",false,"-XX:-UseContainerSupport","-Xgcpolicy:metronome",2,1024,"daytrader-servicesmarttuning",0.7310991289494287,591970304,43.32494213333334,2.553511815869112,null,0,-11.416429950070771,"[""/daytrader/rest/quotes"",""/health""]","[0.9963063763608088,0.003693623639191291]","[""/daytrader/rest/quotes"",""/health""]","[0.9950771818202466,0.004922818179753395]",-1940.6028080926312,175,150,200,100,25,"1","0",false,"-XX:+UseContainerSupport","-Xgcpolicy:gencon",8,1024,,,,,,,,,,,,,false,"{}",
"ObjectId(""5f6e5dff5bef9aa3ce78349c"")","Long",-1964762274,372777819,"175","150","200","100","25","1","0",false,"-XX:+UseContainerSupport","-Xgcpolicy:gencon",8,1024,"daytrader-service",0.15577176553520944,448548864,101.13333333333333,1.6208422663654565,null,0,-35.30112515151436,"175","75","150","25","40","1","0",false,"-XX:+UseContainerSupport","-Xgcpolicy:optavgpause",8,8192,"daytrader-servicesmarttuning",2.859524982129222,446259200,2212.6555555555556,0.020622688675623328,null,0.00003515009088809216,-757.0850886966768,"[""/health"",""/daytrader/rest/quotes""]","[0.0018457481872116018,0.9981542518127884]","[""/daytrader/rest/quotes"",""/health""]","[0.9999096140520022,0.00009038594799795127]",-1940.6028080926312,"175","150","200","100","25","1","0",false,"-XX:+UseContainerSupport","-Xgcpolicy:gencon",8,1024,,,,,,,,,,,,,true,"{}",
"ObjectId(""5f6e5f2d5bef9aa3ce78349d"")","Long",-400832897,372777889,"175","150","200","100","25","1","0",false,"-XX:+UseContainerSupport","-Xgcpolicy:gencon",8,1024,"daytrader-service",4.721513799890617,458186752,4463.413333333333,0.006791767801949855,null,0,-1464.1454337174384,"150","125","50","100","30","1","0",true,"-XX:-UseContainerSupport","-Xgcpolicy:gencon",16,512,"daytrader-servicesmarttuning",0.17218765281617712,349245440,75.47777777777779,2.2266039028476214,null,0,-33.816396376288544,"[""/daytrader/rest/quotes"",""/health""]","[0.9999551912437716,0.00004480875622841712]","[""/daytrader/rest/quotes"",""/health""]","[0.9973502134550272,0.002649786544972766]",-1940.6028080926312,175,150,200,100,25,"1","0",false,"-XX:+UseContainerSupport","-Xgcpolicy:gencon",8,1024,,,,,,,,,,,,,false,"{}",
"ObjectId(""5f6e605c5bef9aa3ce78349e"")","Long",1137961813,372777960,"175","150","200","100","25","1","0",false,"-XX:+UseContainerSupport","-Xgcpolicy:gencon",8,1024,"daytrader-service",0.1199050067692963,457928704,77.53333333333335,1.3421427073843584,null,0,-26.518564233961982,"125","150","200","150","35","1","1",false,"-XX:+UseContainerSupport","-Xgcpolicy:optavgpause",8,1024,"daytrader-servicesmarttuning",3.8457982139763107,403042304,1128.4444444444446,0.08434580939941341,null,0,-422.1076842259329,"[""/daytrader/rest/quotes"",""/health""]","[0.9974204643164231,0.002579535683576956]","[""/daytrader/rest/quotes"",""/health""]","[0.9998227648680582,0.00017723513194170933]",-1940.6028080926312,"175","150","200","100","25","1","0",false,"-XX:+UseContainerSupport","-Xgcpolicy:gencon",8,1024,,,,,,,,,,,,,true,"{}",
"ObjectId(""5f6e618a5bef9aa3ce78349f"")","Long",-1608871735,372778030,"175","150","200","100","25","1","0",false,"-XX:+UseContainerSupport","-Xgcpolicy:gencon",8,1024,"daytrader-service",1.058093060993143,459161600,1416.3888888888891,0.07587404329728677,null,0,-479.044226802998,"200","100","175","50","20","0","2",false,"-XX:+UseContainerSupport","-Xgcpolicy:metronome",2,8192,"daytrader-servicesmarttuning",1.2479977435716543,2198618112,985.6666666666666,0.09295821051255876,null,0,-70.12673915367968,"[""/daytrader/rest/quotes"",""/health""]","[0.999858795842322,0.00014120415767797606]","[""/daytrader/rest/quotes"",""/health""]","[0.9997970916469394,0.00020290835306053436]",-1940.6028080926312,175,150,200,100,25,"1","0",false,"-XX:+UseContainerSupport","-Xgcpolicy:gencon",8,1024,,,,,,,,,,,,,false,"{}",
"ObjectId(""5f6e62b85bef9aa3ce7834a0"")","Long",-3912859,372778100,"175","150","200","100","25","1","0",false,"-XX:+UseContainerSupport","-Xgcpolicy:gencon",8,1024,"daytrader-service",0.09213010074397365,458567680,76.13333333333334,1.2943818299954726,null,0,-26.01008117713725,"50","125","150","125","25","1","0",true,"-XX:-UseContainerSupport","-Xgcpolicy:optthruput",16,2048,"daytrader-servicesmarttuning",0.12295388162096216,414121984,59.49333333333333,1.786898262366654,null,0,-22.497571696479895,"[""/daytrader/rest/quotes"",""/health""]","[0.9972270869819031,0.0027729130180969056]","[""/daytrader/rest/quotes"",""/health""]","[0.9966382787987449,0.003361721201255043]",-1940.6028080926312,175,150,200,100,25,"1","0",false,"-XX:+UseContainerSupport","-Xgcpolicy:gencon",8,1024,,,,,,,,,,,,,false,"{}",
"ObjectId(""5f6e63e65bef9aa3ce7834a1"")","Long",1627234414,372778171,"175","150","200","100","25","1","0",false,"-XX:+UseContainerSupport","-Xgcpolicy:gencon",8,1024,"daytrader-service",0.09263057878359804,458493952,54.88888888888889,1.8943443036391994,null,0,-18.75508720284396,"150","150","150","200","15","1","1",false,"-XX:+UseContainerSupport","-Xgcpolicy:gencon",8,1024,"daytrader-servicesmarttuning",3.5058716280805298,401657856,864,0.11543724155211141,null,0,-325.37052176742,"[""/daytrader/rest/quotes"",""/health""]","[0.9963562753036437,0.0036437246963562753]","[""/daytrader/rest/quotes"",""/health""]","[0.9997685185185184,0.0002314814814814815]",-1940.6028080926312,"175","150","200","100","25","1","0",false,"-XX:+UseContainerSupport","-Xgcpolicy:gencon",8,1024,,,,,,,,,,,,,true,"{}",
"ObjectId(""5f6e65145bef9aa3ce7834a2"")","Long",-1107118071,372778241,"175","150","200","100","25","1","0",false,"-XX:+UseContainerSupport","-Xgcpolicy:gencon",8,1024,"daytrader-service",0.08670504393130943,456720384,43.38888888888889,1.6039448706825332,null,0,-14.883962905390659,"100","175","200","0","35","0","0",true,"-XX:-UseContainerSupport","-Xgcpolicy:optavgpause",4,512,"daytrader-servicesmarttuning",1.346545913369046,316522496,0.07777777777777778,28.912363056913684,null,0.9832134292565948,-0.037853507017860215,"[""/daytrader/rest/quotes"",""/health""]","[0.9953905249679897,0.0046094750320102434]","[""/health"",""/daytrader/rest/quotes""]","[0.016786570743405275,0.9832134292565948]",-1940.6028080926312,175,150,200,100,25,"1","0",false,"-XX:+UseContainerSupport","-Xgcpolicy:gencon",8,1024,,,,,,,,,,,,,false,"{}",
"ObjectId(""5f6e66435bef9aa3ce7834a3"")","Long",473186858,372778312,"175","150","200","100","25","1","0",false,"-XX:+UseContainerSupport","-Xgcpolicy:gencon",8,1024,"daytrader-service",0.34521893076213706,461193216,193.78666666666663,0.6240472867317208,null,0,-65.67736704232715,"175","125","175","175","20","1","0",false,"-XX:+UseContainerSupport","-Xgcpolicy:metronome",8,8192,"daytrader-servicesmarttuning",4.673431433151854,2308583424,3899.988888888889,0.020117223632131188,null,0,-262.65275516446553,"[""/daytrader/rest/quotes"",""/health""]","[0.9989679372505849,0.0010320627494151647]","[""/daytrader/rest/quotes"",""/health""]","[0.9999487178026149,0.000051282197385177737]",-1940.6028080926312,"175","150","200","100","25","1","0",false,"-XX:+UseContainerSupport","-Xgcpolicy:gencon",8,1024,,,,,,,,,,,,,true,"{}",
"ObjectId(""5f6e67715bef9aa3ce7834a4"")","Long",1972656773,372778382,"175","150","200","100","25","1","0",false,"-XX:+UseContainerSupport","-Xgcpolicy:gencon",8,1024,"daytrader-service",0.6749662847240039,468094976,810.32,0.13099815551055902,null,0,-269.79880212797315,"150","200","100","100","30","0","1",false,"-XX:+UseContainerSupport","-Xgcpolicy:optthruput",2,2048,"daytrader-servicesmarttuning",1.089943663627366,367652864,397.03999999999996,0.2370091457855795,null,0,-167.24976632280226,"[""/daytrader/rest/quotes"",""/health""]","[0.9997531839273373,0.0002468160726626518]","[""/daytrader/rest/quotes"",""/health""]","[0.9994962724158776,0.0005037275841225066]",-1940.6028080926312,175,150,200,100,25,"1","0",false,"-XX:+UseContainerSupport","-Xgcpolicy:gencon",8,1024,,,,,,,,,,,,,false,"{}",
"ObjectId(""5f6e689f5bef9aa3ce7834a5"")","Long",-742483472,372778452,"175","150","200","100","25","1","0",false,"-XX:+UseContainerSupport","-Xgcpolicy:gencon",8,1024,"daytrader-service",3.158588037317755,469336064,2154.8555555555554,0.04313554023268433,null,0,-700.1341073701605,"75","125","125","150","25","1","0",true,"-XX:-UseContainerSupport","-Xgcpolicy:gencon",8,1024,"daytrader-servicesmarttuning",2.729188724197286,530636800,2393.6666666666665,0.043377144661555476,null,0,-692.3621593390318,"[""/daytrader/rest/quotes"",""/health""]","[0.9999071863543316,0.00009281364566843874]","[""/daytrader/rest/quotes"",""/health""]","[0.9999164461774127,0.00008355382258738339]",-1940.6028080926312,175,150,200,100,25,"1","0",false,"-XX:+UseContainerSupport","-Xgcpolicy:gencon",8,1024,,,,,,,,,,,,,false,"{}",
"ObjectId(""5f6e69cd5bef9aa3ce7834a6"")","Long",876313357,372778523,"175","150","200","100","25","1","0",false,"-XX:+UseContainerSupport","-Xgcpolicy:gencon",8,1024,"daytrader-service",0.1371760233622931,472928256,99.41111111111111,1.0706798438954206,null,0,-32.91908445491477,"200","175","75","75","45","0","2",false,"-XX:+UseContainerSupport","-Xgcpolicy:gencon",16,4096,"daytrader-servicesmarttuning",0.21693481078261206,451923968,97.77333333333333,0.9409650884794448,null,0,-33.854596978374914,"[""/health"",""/daytrader/rest/quotes""]","[0.0020118475466636863,0.9979881524533363]","[""/daytrader/rest/quotes"",""/health""]","[0.9979544524751125,0.002045547524887495]",-1940.6028080926312,"175","150","200","100","25","1","0",false,"-XX:+UseContainerSupport","-Xgcpolicy:gencon",8,1024,,,,,,,,,,,,,true,"{}",
"ObjectId(""5f6e6afc5bef9aa3ce7834a7"")","Long",-1849155139,372778593,"175","150","200","100","25","1","0",false,"-XX:+UseContainerSupport","-Xgcpolicy:gencon",8,1024,"daytrader-service",1.4941542119253002,474521600,1189.9666666666667,0.1159414845287085,null,0,-388.0760218780531,"125","150","175","25","40","2","0",false,"-XX:+UseContainerSupport","-Xgcpolicy:metronome",4,1024,"daytrader-servicesmarttuning",2.2919649782984504,564396032,1340.8933333333332,0.048263649220571296,null,0,-366.27853969180563,"[""/daytrader/rest/quotes"",""/health""]","[0.9998319280652119,0.0001680719347880893]","[""/daytrader/rest/quotes"",""/health""]","[0.9998508457048535,0.00014915429514651926]",-1940.6028080926312,175,150,200,100,25,"1","0",false,"-XX:+UseContainerSupport","-Xgcpolicy:gencon",8,1024,,,,,,,,,,,,,false,"{}",
"ObjectId(""5f6e6c2a5bef9aa3ce7834a8"")","Long",-302008553,372778663,"175","150","200","100","25","1","0",false,"-XX:+UseContainerSupport","-Xgcpolicy:gencon",8,1024,"daytrader-service",0.7013702505188483,475398144,698.2666666666668,0.14628009444175824,null,0,-228.88683649012597,"100","75","200","175","20","1","0",true,"-XX:-UseContainerSupport","-Xgcpolicy:optthruput",8,2048,"daytrader-servicesmarttuning",2.6667298567589492,427757568,1717.6333333333332,0.05610789294629087,null,0,-613.5624923031388,"[""/daytrader/rest/quotes"",""/health""]","[0.9997135764750811,0.0002864235249188466]","[""/daytrader/rest/quotes"",""/health""]","[0.9998900295626411,0.00010997043735889824]",-1940.6028080926312,"175","150","200","100","25","1","0",false,"-XX:+UseContainerSupport","-Xgcpolicy:gencon",8,1024,,,,,,,,,,,,,true,"{}",
"ObjectId(""5f6e6d585bef9aa3ce7834a9"")","Long",1313642346,372778734,"175","150","200","100","25","1","0",false,"-XX:+UseContainerSupport","-Xgcpolicy:gencon",8,1024,"daytrader-service",0.0916094440270996,475787264,59.177777777777784,1.788341463408259,null,0,-19.486389132980868,"175","100","150","150","35","2","1",false,"-XX:+UseContainerSupport","-Xgcpolicy:gencon",8,8192,"daytrader-servicesmarttuning",4.283852682190857,558632960,1035.6444444444446,0.09087483383408339,null,0,-281.62525781633,"[""/daytrader/rest/quotes"",""/health""]","[0.9968081111528351,0.0031918888471648512]","[""/daytrader/rest/quotes"",""/health""]","[0.9998068835293108,0.0001931164706892112]",-1940.6028080926312,"175","150","200","100","25","1","0",false,"-XX:+UseContainerSupport","-Xgcpolicy:gencon",8,1024,,,,,,,,,,,,,true,"{}",
"ObjectId(""5f6e6e865bef9aa3ce7834aa"")","Long",-1399204868,372778804,"175","150","200","100","25","1","0",false,"-XX:+UseContainerSupport","-Xgcpolicy:gencon",8,1024,"daytrader-service",0.19901625561374384,474685440,144.76,1.241663441658323,null,0,-47.73267191638077,"150","175","50","200","25","0","2",false,"-XX:+UseContainerSupport","-Xgcpolicy:optavgpause",2,512,"daytrader-servicesmarttuning",1.0044403133292918,311500800,0.13333333333333333,111.84293747526316,null,0.4736842105263158,-0.0662188125072828,"[""/daytrader/rest/quotes"",""/health""]","[0.9985262963986368,0.0014737036013631759]","[""/health"",""/daytrader/rest/quotes""]","[1,0]",-1940.6028080926312,175,150,200,100,25,"1","0",false,"-XX:+UseContainerSupport","-Xgcpolicy:gencon",8,1024,,,,,,,,,,,,,false,"{}",
"ObjectId(""5f6e6fb45bef9aa3ce7834ab"")","Long",209341086,372778875,"175","150","200","100","25","1","0",false,"-XX:+UseContainerSupport","-Xgcpolicy:gencon",8,1024,"daytrader-service",0.013000428332655425,474251264,0.2,0.0016957472666642081,null,0,-0.06611616975492275,"75","200","100","50","40","2","0",false,"-XX:+UseContainerSupport","-Xgc:concurrentScavenge",8,4096,"daytrader-servicesmarttuning",0.013181793490446379,395513856,0.2,0.0033823616666666728,null,0,-0.07927636086646474,"[""/daytrader/rest/quotes"",""/health""]","[0,1]","[""/daytrader/rest/quotes"",""/health""]","[0,1]",-1940.6028080926312,"175","150","200","100","25","1","0",false,"-XX:+UseContainerSupport","-Xgcpolicy:gencon",8,1024,,,,,,,,,,,,,true,"{}",
"ObjectId(""5f6e70e35bef9aa3ce7834ac"")","Long",1726005149,372778945,"175","150","200","100","25","1","0",false,"-XX:+UseContainerSupport","-Xgcpolicy:gencon",8,1024,"daytrader-service",0.5216710764333065,536834048,0.2,0.001574300222216607,null,0,-0.05817810165682907,"175","125","125","75","30","2","0",false,"-XX:+UseContainerSupport","-Xgcpolicy:gencon",4,1024,"daytrader-servicesmarttuning",0,0,0,0,null,0,null,"[""/daytrader/rest/quotes"",""/health""]","[0,1]",,,-1940.6028080926312,175,150,200,100,25,"1","0",false,"-XX:+UseContainerSupport","-Xgcpolicy:gencon",8,1024,,,,,,,,,,,,,false,"{}","{}"